URL,iframe
http://www.progarchives.com/album.asp?id=61737,1
http://signin.eday.co.uk.ws.edayisapi.dllsign.inusingsslpuseridcopartnerid2siteid.zdfxx949xyss1pnbh0soabfdzgdh2kppnu.reippl.com/,-1
http://www.avevaconstruction.com/blesstool/image.htm,1
http://www.jp519.com/,1
https://www.velocidrone.com/,1
https://support-appleld.com.secureupdate.duilawyeryork.com/ap/b5aed586dda5d21/?cmd=_update&dispatch=b5aed586dda5d219f&locale=_US,-1
https://www.authpro.com/auth/ubabankng/?action=reg,1
http://littlee.com.au/alibaba/login.alibaba.com.php,1
http://www.tutorialspoint.com/dbms/,1
http://www.domarada.sk,1
http://www.grouper.in/wp-includes/js/tinymce/etisalat.ae/,1
https://www.prepaid-karte-vergleich.de/,1
http://nandabolsas.com.br/forum/control.html,1
http://betasus7.blogspot.com,1
https://www.youtube.com/channel/UCLSjw7g5U48jgtjaeyjfwjQ,1
https://fieldstonerp-my.sharepoint.com/:b:/p/danfields/EZ7SH1xQSDpMtP4DleQT5tUBXo4sRqDgcRy807wUg7VFFg?e=Mz09kC,1
http://www.webopedia.com/TERM/C/CLI.html,1
https://www.allmenus.com/nc/charlotte/89187-mimosa-grill/menu/,1
http://www.makeuseof.com/tag/p2p-peer-peer-file-sharing-works/,-1
http://bdo-onlineverify.xyz/bdoverification/security/verify/login.php,-1
http://www.picfront.org/,1
http://kam-net.ci/2026584619/verification.php,-1
https://www.beddenreus.nl/,1
https://www.simpsonbayresort.com/,1
http://hamathiel-sunsheer.tumblr.com,1
http://ipnpr.jpl.nasa.gov/progress_report/42-64/64G.PDF,1
https://www.powerhome.jp/,1
https://www.insidethefun.com/Login.aspx?redir=/default.aspx,1
http://whatsappporn.wikaba.com/,-1
https://disq.us/?url=https%3A%2F%2Fwww.gepard.ru%2Flogin%2Faccount%2F&key=JgDq7zS0rAtd6srC39cdig,1
http://www.accaparlante.it/,1
https://www.learnnext.com/user/signUpNew.htm,1
https://www.megachords.com/gigi/chords/amnesia/,1
http://netizenbuzz.blogspot.com/,1
http://www.vagueware.com/proprietary-software/,1
http://learnmore.duke.edu/certificates/digital_marketing,1
https://doubler.link/,-1
http://www.centcom.mil/ABOUT-US/COMMAND-NARRATIVE/,1
https://user67509874097802.el.r.appspot.com/app/index,1
https://client-webhook-dot-qp-keybank-rrva-2020-04.uc.r.appspot.com/,1
https://www.theswiftcodes.com/kenya/ninckena/,1
http://chat-whatsapp.ns01.us/,1
http://www.josuejr.com.br/glt/cgi/login.php?email=piotr.lacki@rb.com,1
http://www.amberexpeditions.com/plugins/search/contacts/a.htm,-1
https://surb.madebyhaley.com/htn?tu=Z4NwlG1ocGKclX2mmHKTaIF_YKCDomZjbGKjY31y/amuehlem%40gmx.ch,-1
https://pannative.blogspot.com/,1
http://etigroup.az/wp-content/plugins/revslider/languages/o/indexaa.php,1
http://www.bionity.com/en/encyclopedia/Digene.html,1
http://marketinghelper.com.au/themes/sports/wp-content/net/c74c4bf0dad9cbae3d80faa054b7d8ca/,-1
http://www.mebank.com.au/about-us/resources/everyday-transaction-account-faqs/,1
https://form.elementform.com/0a4b86bcfd8d414b9fbce0329020508d45549925,1
https://uwwivwhdqgjrauuhsjnznfzjprsdvgaiyojw-dot-gl494903049.wl.r.appspot.com/,1
https://www.crossstitch.pk/,1
http://www.surfacespa.com/au/,-1
http://www.myappwiz.com/home/redirect?targetUrl=http://5.83.162.160/staff,-1
https://ezoomeranggrow.com/web/english/index.php?email=honeypot@domain.com],-1
http://www.ijtte.com/uploads/2014-09-07/5d577a86-202d-e1a1IJTTE_Vol%204%283%29_4.pdf,1
http://support-appleld.com.secureupdate.duilawyeryork.com/ap/7a2a8f1e1c7c105/?cmd=_update&dispatch=7a2a8f1e1c7c105b9&locale=_US,-1
http://www.partycity.com/category/party+ideas/birthday/boys/mickey+mouse.do,1
https://kodi.tv/addons/context-menus,1
https://www.virzoom.com/,1
https://en.wikipedia.org/wiki/Switched_at_Birth_(season_5),1
https://auduboninstitute-my.sharepoint.com/:o:/g/personal/kramsey_auduboninstitute_org/EveSQu6pzsxOjjLjb-YGjEwBwb6DV_wN9eBMuZghm1jKBw?e=bCYSTA,1
http://singapore.recruit.net/search-interactive-media-designer-jobs,1
http://handle.booktobi.com/css/index.html/,1
http://www.brighant.com/1122?sec=Jochen%20Kuntermann,1
https://www.nist.gov/pml/time-and-frequency-division/popular-links/help-radio-controlled-clocks,1
http://www.edisontechcenter.org/Transmission.html,1
https://docs.google.com/forms/d/e/1FAIpQLSfDwn92QVW38Ss-20KziPdDCTGi6S6IH4nAsXeQlGTvdjh4eA/closedform,1
http://blog.unibulmerchantservices.com/credit-card-transaction-processing-basics/,1
https://forms.office.com/Pages/ResponsePage.aspx?id=DQSIkWdsW0yxEjajBLZtrQAAAAAAAAAAAAN__iRYFuZURVNGMFBTVDZFMjFGUFhVWkM3RzZaR1JVNS4u,1
https://www.tabellenexperte.de,1
http://gockinhnghiem.com/about/,-1
https://en.wikipedia.org/wiki/Network_topology,1
http://teksty-pesenok.ru/tracey-curtis/tekst-pesni-the-john-peel-song/1606493/,1
http://www.ciclic.fr/,1
http://ijikc.co.in/rating/KEN7XX7Y0P9/wemail_al.html,1
https://www.tumblr.com/safe-mode?url=https%3A%2F%2Fmc1235711.tumblr.com%2F,1
http://www.strykertoyhaulers.com/wp-admin/js/online/order.php?email%5Cu003dabuse@euroflightinternational.com,1
https://support-appleld.com.secureupdate.duilawyeryork.com/ap/b31466003a51a2b?cmd=_update&dispatch=b31466003a51a2b07&locale=_,-1
http://vimall.ru/,1
http://www.diffen.com/difference/MMS_vs_SMS,1
http://bangla.plus,1
http://jcs.biologists.org/content/joces/117/25/6061.full.pdf,1
https://powerpoint7777.typeform.com/to/tVqZufIj,1
http://joshtobye.com/3.mtb.com/www3.mtb.com/emsslv9082.php?YmjBYuHwX9i3fqlQEfWPf514qjqXpr6tN4KRN4j1rFLK3BwXJQJGDsFL9aKbrYAJLPYDh8nuP3gxmumzrfWbqaOBPk7oD0GJPYfPxtOEE18IaF2iH0SGv9nM5DjwqVdCH69VQo6J9x0QDNDyNWJi6XxRfbQQyV4z6ivS1H8Y2tQ7e8u87WpBdKAzjb319BX2prmMyk5f,-1
http://disney.wikia.com/wiki/The_Mickey_Mouse_Club,1
https://docs.google.com/forms/d/e/1FAIpQLSd8PwJ0urcuN-J-97ONvbNKgTGoDxjmFI-Xl8bcjptdhTZUUA/viewform?usp=send_form,1
https://www.alquileres.com.py/completed/Dropbox/wp-incllude/,1
http://www.healmedicaltrauma.com/match/,1
https://soportedinamic.webcindario.com/,1
https://www.hornguys.com/,1
http://grandbettinggir2.blogspot.com,1
http://hasmob.com/assurance/alibaba.com/Login.htm,-1
http://xahlee.info/kbd/dvorak_vs_colemak.html,1
https://developer.mozilla.org/en-US/docs/Web/API/Web_Speech_API,1
http://supremecourt.gov.np/web/,1
http://desomnis.tumblr.com,1
http://fastfoodgozo.rs/a/yahoo/login.php,1
http://sucursalpersonastransaccionesbancolombiacom.small-business-solutions.biz/,1
http://www.mamasvib.com/,1
http://www.vantaiduccuong.com/dab/outl/,-1
http://scqijie.com/wp-content/themes/chigue/immowelt.de-sign-in,1
http://www.japanese-buddhism.com/noble-eightfold-path.html,1
https://for-sale.yakaz.com/digital-cameras,-1
http://dgfhjgjrt65756hggree.clearpointsupplies.com/fhdfyrurthftf/,1
https://servicefacture.blogspot.com/2020/04/blog-post_10.html,1
http://grandmarketltd.co.uk/wp-includes/inozfoZ/noande/paypal/59c0d7ceb90328d92e80f4e1f3646b99/view/login.php,1
http://teamwlg.com/aa209Page/aa209Page/cmd-login=2fa960a1990a231b18bfe6368da9c911/valid.php?src=DluZDluZHNmNDBlb2RzaDluZHNmNDDBlb2RzaTRpZWprMzBka2prZWtjamtkIGNuZmk0bmZpbTRpZWprMzBka2prZWtjamtkIGNuZmk0bmZpbHNmNDBlb2RzaTRDluZHNmNDBlb2RzaTRpZWprMzBka2prZWtjamtkIGNuZmk0bmZpbpZWprMzBka2prZWtjamtkIGNuZmk0bmZpbZWppZXdpb2U5NDluZHNmNDBlb2RzaTRpZWprMzBka2prZWtjamtkIGNuZmk0bmZpb25ja29uc2NrIGtjIGtqIHZqayBj?email=,1
http://biddle-air.co.uk,1
https://tlcmgmt-my.sharepoint.com/:u:/p/hfa_ashton/EWhkFFHqP-9HpEcF2N6aAHgBmUwPHZaxjTCELjuqRIaejA?e,1
https://www.ademforcongress.com/,1
https://edu-src.msu.ac.th/clinic/wp-includes/rest-api/fields/--/pontosvalidos/home.php,1
http://www.nationsonline.org/oneworld/map/google_map_Nice.htm,1
http://www.innovativephp.com/,1
http://surfeventsco.com/cgi-/,1
http://www.thefreedictionary.com/active+transport,1
https://helpathome.jobs.net/,1
https://hoosevents.com/https:/impotsgouvfr/da674af0e12b648d840048f71cb0dfb0,-1
https://dpfoidspoifopdsifpoi.blogspot.com/,1
https://chungcuvinhomessmartcity.com.vn/wp-content/t-online/t-online.php,1
https://www.scubaearth.com/Default.aspx,1
http://www.cndoubleegret.com/admin/secure/cmd-login=8e624428269b1e296f49085bd6b42d28/?reff=OWQzZTM3MjQ1MzMzMjAwNTg2MDA4NjJhYjQzNDZhMWY=,1
http://www.yourdictionary.com/legislative-session,1
https://bbvaconsultas.com/,-1
https://ocurenc.com/,-1
https://www.helloprint.nl/,-1
https://www.portablefreeware.com/?id=1300,1
